pdf_page,figure_no,species_common,height_b1,height_b2,height_b3,height_b4,height_b5,si_b1,si_b2,si_b3,si_b4,si_b5,parse_status,source,years_to_bh
22,1,Red maple,2.9435,0.9132,-0.0141,1.658,-0.1095,0.3263,1.0634,-0.0106,-1.2573,-0.0646,ok,"Figure 1. - Red maple (Carmean 1978). Northern Wisonsin and Upper Michingan. 174 plots having 438 dominant and codominant trees. Stem analysis, logarithm equation, polymorphic. Add 4 years to DBH age to obtain total age (BH = 0.0)",4
23,2,Sugar maple,3.3721,0.8407,-0.015,2.6208,-0.2661,0.1771,1.2075,-0.0066,-1.7003,-0.2189,ok,"Figure 2. - Sugar maple (Curtis and Post 1962, solomon 1968). Vermont Green Mountains. 67 plots having 136 dominant and codominant trees. Stem analysis, logarithm equation, anamorphic, original curves redrafter from DBH age to total age and from SI age 75 to SI age of 50. Add 4 years to DBH age to obtain total age (BH = 0.0)",4
24,3,Sugar maple,6.1308,0.6904,-0.0195,10.1563,-0.533,0.1984,1.2089,-0.011,-2.4917,-0.2542,ok,"Figure 3. - Sugar maple (Carmean 1978). Northern Wisonsin and Upper Michingan.177 plots having 721 dominant and codominant trees. Stem analysis, logarithm equation, polymorphic. Add 4 years to DBH age to obtain total age (BH = 0.0)",4
25,4,Silver maple,1.0645,0.9918,-0.0812,1.5754,-0.0272,0.8972,1.0183,-0.0769,-4.8154,-0.3162,ok,"Figure 4. - Silver maple (Brendemuehl, McComb, and Thomson 1 961 b) Southeastern Iowa 50 plots, number of dominant and codominant trees not given Total height and age, anamorphic, equation not given Add 3 years to DBH age to obtain total age (BH = 0.0)",3
26,5,Yellow birch,2.2835,0.9794,-0.0054,0.5819,-0.0281,0.5889,0.9922,-0.0096,-0.5473,0.0146,ok,"Figure 5. - Yellow birch (Curtis and Post 1962, Solomon 1968) Vermont Green Mountains 38 plots having 68 dominant and codominant trees Stem analysis, logarithm equation, anamorphic, original curves redrafted from DBH age to total age and from SI age of 75 to Sl age of 50 Add 4 years to DBH age to obtain total age (BH = 0.0)",4
27,6,Yellow birch,6.0522,0.6768,-0.0217,15.4232,-0.6354,0.1817,1.243,-0.011,-3.0184,-0.318,ok,"Figure 6. - Yellow birch (Carmean 1978) Northern Wisconsin and Upper Michigan 119 plots having 459 dominant and codominant trees Stem analysis, nonlinear regression, polymorphic Add 4 years to DBH age to obtain total age (BH 0.0)",4
28,7,Paper birch,1.598,1,-0.0198,0.9824,0,0.6258,1,-0.0198,-0.9824,0,ok,"Figure 7. - Paper birch (Cooley 1958, 1962) Northern Wisconsin (104 plots); Upper Michigan (4 plots) 108 plots, number of dominant and codominant trees not given Total height and age, anamorphic, equation not given Add 4 years to DBH age to obtain total age (BH 0.0)",4
29,8,Paper birch,1.7902,0.9522,-0.0173,1.1668,-0.1206,0.5542,1.054,-0.0184,-1.3053,-0.1435,ok,"Figure 8. - Paper birch (Curtis and Post 1962, Solomon 1968) Vermont Green Mountains 32 plots having 56 dominant and codominant trees Stem analysis, logarithm equation, anamorphic, original curves redrafted from DBH age to total age and from SI age 75 to SI age of 50 Add 4 years to DBH age to obtain total age (BH 0.0)",4
30,9,Paper birch,2.4321,0.9207,-0.0168,1.5247,-0.1042,0.5119,1.0229,-0.0167,-1.0284,-0.0049,ok,"Figure 9. - Paper birch (Carmean 1978) Northern Wisconsin and Upper Michigan 30 plots having 93 dominant and codominant trees Stem analysis, nonlinear regression, polymorphic Add 4 years to DBH age to obtain total age (BH 0.0)",4
31,10,Hickories,1.8326,1.0015,-0.0207,1.408,-0.0005,0.5243,1.0126,-0.0216,-1.5897,-0.0239,ok,"Figure 10. - Hickories (Boisen and Newlin 1910. Hampf 1965) Central States, Cumberland Mountains of Kentucky 30 plots, number of dominant trees not given Total height and age, anamorphic, equation not given Convert DBH age to total age by adding years according to site index (BH 0.0)",
32,11,American beech,29.73,0.3631,-0.0127,16.7616,-0.6804,0.2376,1.1312,-0.0109,-1.855,-0.143,ok,"Figure 11. - American beech (Carmean 1978) Northern Wisconsin and Upper Michigan 19 plots having 70 dominant and codominant trees Stem analysis, nonlinear regression, polymorphic Add 4 years to DBH age to obtain total age (BH - 0.0)",4
33,12,White ash,1.5768,0.9978,-0.0156,0.6705,0.0182,0.6835,0.9882,-0.0167,-0.6218,0.0462,ok,"Figure 12. - White ash (Curtis and Post 1962, Solomon 1968) Vermont Green Mountains 44 plots having 83 dominant and codominant trees Stem analysis, logarithm equation, anamorphic, original curves redrafted from DBH age to total age and from Sl age 75 to SI age of 50 Add 4 years to DBH age to obtain total age (BH = 0.0)",4
34,13,White ash,4.1492,0.7531,-0.0269,14.5384,-0.5811,0.1728,1.256,-0.011,-3.3605,-0.3452,ok,"Figure 13. - White ash (Carmean 1978) Northern Wisconsin and Upper Michigan 73 plots having 275 dominant and codominant trees Stem analysis, nonlinear regression, polymorphic Add 4 years to DBH age to obtain total age (BH - 0.0)",4
35,14,Black ash,4.2286,0.7857,-0.0178,4.6219,-0.3591,0.2388,1.1583,-0.0102,-1.8455,-0.1883,ok,"Figure 14. - Black ash (Carmean 1978) Northern Wisconsin and Upper Michigan 39 plots having 143 dominant and codominant trees Stem analysis, nonlinear regression, polymorphic Add 4 years to DBH age to obtain total age (BH - 0.0)",4
36,15,Green ash,1.6505,-0.0644,-0.8908,-0.0482,-0.7549,0.5672,125.7045,0.9096,-38.2659,1.099,ok,"Figure 15. - Green ash (Broadfoot 1969) Mississippi Valley alluvium - Louisiana, Mississippi, Arkansas, Tennessee Number of plots and number of dominant and codominant trees not given Stem analysis, graphically constructed anamorphic curves Add 2 years to DBH age to obtain total age (BH = 0.0)",2
37,16,Black walnut plantations,1.2898,0.9982,-0.0289,0.8546,0.0171,0.7875,0.9963,-0.0281,-0.7823,0.0353,ok,"Figure 16. - Black walnut plantations (Kellogg 1939b) Central States 188 plots, number of dominant trees not given Total height and total age, anamorphic, equation not given Determine total age from stumps or planting records (do not damage trees by using an increment borer) (BH = 0.0)",
38,17,Black walnut plantations—shallow flood plains,1.6622,0.886,-0.1113,66.8363,-1.0584,0.6204,1.0542,-0.0373,-1.9626,-0.3491,ok,"Figure 17. - Black walnut plantations - shallow flood plains (Losche and Schlesinger 1975) Southern Illinois 19 plots having 85 dominant and codominant trees Stem analysis, site index prediction equations based on linear regressions using Hegar (1968) model. Site index is height at 25 years total age (BH - 0.0)",
39,18,Black walnut plantations—deep flood plains,2.2349,0.842,-0.0808,15.0884,-0.6292,0.1758,1.2568,-0.0124,-1.9426,-0.3231,ok,"Figure 18. - Black walnut plantations - deep flood plains (Losche and Schlesinger 1975) Southern Illinois 26 plots having 108 dominant and codominant trees Stem analysis, site index prediction equations based on linear regressions using Hegar (1968) model. Site index is height at 25 years total age (BH = 0.0)",
40,19,Sweetgum,1.5932,1.0124,-0.0122,0.6245,0.013,0.6092,0.9895,-0.0113,-0.6219,0.0078,ok,"Figure 19. - Sweetgum (Trenk 1929) Maryland Number of plots and number of dominant trees not given Total height and total age, anamorphic, equation not given Convert DBH age to total age by adding years according to site index (BH = 0.0)",
41,20,Sweetgum,3.5384,0.7932,-0.0244,29.2355,-0.7291,0.0055,1.6414,-0.0026,-1.7678,-0.2712,ok,"Figure 20. - Sweetgum (Winters and Osbourne 1935) Mississippi Valley alluvium plus a few locations on alluvial soils of South Carolina, Alabama, and northern Florida 25 locations having 99 plots, number of dominant trees not given (BH = 4.5)",
42,21,Sweetgum,1.0902,1.0298,-0.0354,0.7011,0.1178,0.955,0.9639,-0.038,-0.6685,0.1478,ok,"Figure 21. - Sweetgum (Broadfoot and Krinard 1959) Mississippi Valley alluvium - Louisiana, Mississippi, Arkansas, Tennessee Number of plots and number of dominant and codominant trees not given Stem analysis, graphically constructed anamorphic curves Add 2 years to DBH age to obtain total age (BH = 0.0)",2
43,22,Sweetgum,6.0673,0.6774,-0.0391,9.6135,-0.5504,0.252,1.1879,-0.0276,-2.09,-0.2154,ok,"Figure 22. - Sweetgum (Lyle et al. 1975) Alabama 50 stands each having two dominant trees Stem analysis, nonlinear regression, polymorphic, site index is height at 25 years total age Add 2 years to DBH age to obtain total age (BH = 0.0)",2
44,23,Yellow-poplar—Piedmont,1.1798,1,-0.0339,0.8117,-0.0001,0.8323,1.0051,-0.0352,-0.9706,-0.0303,ok,"Figure 23. - Yellow-poplar - Piedmont (Beck 1 962) Piedmont of Carolinas and Virginia 117 plots having 4 to 6 dominant and codominant trees on each plot Total height and total age, anamorphic, logarithm equation Add 3 years to DBH age to obtain total age (BH 0.0)",3
45,24,Yellow-poplarMountains,1.2673,1,-0.0331,1.1149,0.0001,0.7609,1.0097,-0.0346,-1.4002,-0.0402,ok,"Figure 24. - YeIIow-poplarA40untains (Beck 1962) Southern Appalachians of western North Carolina and northern Georgia 267 plots having 4 to 6 dominant and codominant trees on each plot Total height and total age, anamorphic, logarithm equation Add 3 years to DBH age to obtain total age (BH = 0.0)",3
46,25,Yellow-poplar,1.2941,0.9892,-0.0315,-1.0471,-0.0368,0.7459,1.0184,-0.0313,-1.2121,-0.0717,ok,"Figure 25. - Yellow-poplar (Schtaegel. Kulow. and Baughman 1969) West Virginia Appalachians 123 plots, number of dominant and codominant trees not given Total height and total age, anamorphic, logarithm equation Add 3 years to DBH age to obtain total age (BH 0.0)",3
47,26,Water tupelo,1.2721,0.9995,-0.0256,0.7447,-0.0019,0.7505,1.0112,-0.0259,-0.9213,-0.0475,ok,"Figure 26. - Water tupelo (Applequist 1 959) Lower coastal plain of southeastern Georgia 17 plots having 6 to 8 dominant and codominant trees on each plot Total height and total age, anamorphic, logarithm equation Add 2 years to DBH age to obtain total age (BH - 0.0)",2
48,27,Swamp tupelo,0.8549,0.9995,-1.0375,-0.0259,,-0.0016,-0.0254,-0.0428,1.0117,,too_few:8,"Figure 27. - Swamp tupelo (Applequist 1959) Lower coastal plain of southeastern Georgia 81 plots having 6 to 8 dominant and codominant trees on each plot Total height and total age, anamorphic, logarithm equation H 1.3213 0.7224 Add 2 years to DBH age to obtain total age (BH = 0.0)",2
49,28,Cottonwood,,,,,,,,,,,too_few:0,"Figure 28. - Cottonwood (Neebe and Boyce 1959) Southern Illinois bottomlands and a few uplands 65 areas having 1 72 dominant and codominant trees Total height and total age, anamorphic, site index prediction using straight line ""curves,"" equation not given Site index is total height at 25 years total age Add 2 years to DBH age to obtain total age (BH = 0.0)",2
50,29,Cottonwood,1.9426,0.8886,-0.064,21.0753,-0.6786,0.4754,1.119,-0.0429,-5.6452,-0.4912,ok,"Figure 29. - Cottonwood (Broadfoot 1960) Mississippi Valley alluvium - Louisiana, Mississippi, Arkansas, Tennessee, Missouri, Kentucky Number of plots and number of dominant and codominant trees not given Stem analysis, graphically constructed anamorphic curves, site index is height at 30 years total age Add 2 years to DBH age to obtain total age (BH = 0.0)",2
51,30,Cottonwood,,,,,,,,,,,too_few:0,"Figure 30. - Cottonwood (Brendemuehl 1965) Iowa bottomlands 66 plots, number of dominant and codominant trees not given Total height and total age, anamorphic, equation not given Add 2 years to DBH age to obtain total age (BH 0.0)",2
52,31,Ouaking aspen,1.4475,1.0098,-0.02,0.8489,0.0146,0.6755,1,-0.0213,-0.9367,-0.0002,ok,"Figure 31. - Ouaking aspen (Gevorkiantz 1956a, from Kittredge and Gevorkiantz 1929) Number of plots and number of dominant and codominant trees not given Total height and total age, anamorphic, equation not given Add 4 years to DBH age to obtain total age (BH = 0.0)",4
53,32,Bigtooth and quaking aspens,5.2188,0.6855,-0.0301,50.0071,-0.8695,0.0612,1.439,-0.005,-3.908,-0.435,ok,"Figure 32. - Bigtooth and quaking aspens (Carmean 1978) Northern Wisconsin and Upper Michigan 13 plots having 42 dominant and codominant trees Stem analysis, nonlinear regression, polymorphic Add 4 years to DBH age to obtain total age (BH = 0.0)",4
54,33,Quaking aspen,2.1567,0.9374,-0.0155,2.4997,-0.2338,0.2356,1.1332,-0.0082,-1.0342,-1.0772,ok,"Figure 33. - Quaking aspen (Deschamps 1989) North central Ontario 99 plots having 3 dominant and codominant trees per plot Stem analysis, nonlinear regression, polymorphic Site index is total height at 50 years breast height age (BH = 0.0)",
55,34,Black cherry,5.1493,0.6948,-0.0248,20.921,-0.7143,0.1073,1.3455,-0.007,-3.3034,-0.3899,ok,"Figure 34. - BIack cherry (Carmean 1 978) Northern Wisconsin and Upper Michigan 42 plots having 126 dominant and codominant trees Stem analysis, nonlinear regression, polymorphic Add 4 years to DBH age to obtain total age (BH = 0.0)",4
56,35,Black cherry,7.1846,0.6781,-0.0222,13.9186,-2.4168,0.0063,1.6337,-0.001,-0.5268,-0.2635,ok,"Figure 35. - Black cherry (Auchmoody and Rexrode 1984) Northwestern Pennsylvania Allegheny Plateau 6 stands having 39 dominant and codominant trees Stem analysis, site index prediction equations based on second degree quadratic regressions Add 4 years to DBH age to obtain total age (BH 0.0)",4
57,36,Upland oaks,2.1037,0.914,-0.0275,3.7962,-0.253,0.189,1.2031,-0.0081,-2.1975,-0.2582,ok,"Figure 36. - Upland oaks (Schnur 1937) 80 90 80 70 60 50 40 SITE INDEX 100 Michigan south to Georgia, Missouri east to Pennsylvania and Maryland 404 plots, combined data for white, blad(, scarlet, chestnut, and red oaks; number of dominant and codominant trees not given Total height and total age, anamorphic, equation not given Add 3 years to DBH age to obtain total age (BH = 0.0)",3
58,37,Upland oaks,1.2866,0.9962,-0.0355,1.4485,-1.5038,0.7709,1.0063,-0.0356,-0.0316,-0.0419,ok,"Figure 37. - Upland oaks (Olson 1959) Virginia-Carolina Piedmont and northern Appalachian Mountains 269 plots in Piedmont, 428 plots in Appalachians, combined data for white, northern red, southern red, scarlet, black, and chestnut oaks; number of dominant and codominant trees not given Total height and total age, logarithm equation, anamorphic Add 3 years to DBH age to obtain total age (BH 0.0)",3
59,38,Northern red oak and black oak,0.4737,1.2905,0.0979,-0.0236,-0.1886,1.6229,0.8134,0.6121,-0.0439,0.6157,trimmed:11,"Figure 38. - Northern red oak and black oak (Graney and Bower 1971 ) Boston Mountains of Arkansas Number of plots not given, 142 dominant and codominant trees Stem analysis, polynomial equation, anamorphic Add 3 years to DBH age to obtain total age (BH = 0.0)",3
60,39,Black. scarlet. and white oaks,4.9676,-0.7459,-0.0154,7.364,-0.5144,0.0064,1.6595,-0.0003,-1.866,-0.2916,ok,"Figure 39. - Black. scarlet. and white oaks (McQuilkin 1974, 1978) Missouri Ozarks - Clark and Mark Twain National Forests Number of plots not given; combined data for 399 black oak, 276 white oak, and 66 scarlet oak dominant and codominant trees Stem analysis, anamorphic. site index prediction equations using Hegar (1968) model, separate equations for black and scarlet oak, and for white oak (McQuilkin 1974) Add 2 years to DBH age to obtain total age (BH 0.0)",2
61,40,White oak,0.5605,1.3105,-0.0145,0.1779,0.4323,1.404,0.8163,-0.0314,-0.3078,0.426,ok,"Figure 40. - White oak (Graney and Bower 1971) Boston Mountains of Arkansas Number of plots not given. 136 dominant and codominant trees Stem analysis, polynomial equation, anamorphic Add 3 years to DBH age to obtain total age (BH 0.0)",3
62,41,White oak,2.241,0.8136,4.5598,1.0135,-0.9644,-0.188,-0.0132,0.3387,-0.0076,-0.0176,ok,"Figure 41. - White oak (Carmean 1971, 1972) Unglaciated uplands of southeastern Ohio, eastern Kentucky, southern Indiana, southern Illinois, and southern Missouri 41 plots having 112 dominant and codominant trees Stem analysis, nonlinear regression, polymorphic Add 3 years to DBH age to obtain total age (BH = 0.0)",3
63,42,Scarlet oak,,,,,,,,,,,too_few:0,"Figure 42. - Scarlet oak (Carmean 1971, 1972) Unglaciated uplands of southeastern Ohio, eastern Kentucky, southern Illinois, and southern Missouri 25 plots having 88 dominant and codominant trees Stem analysis, nonlinear regression, polymorphic Add 3 years to DBH age to obtain total age (BH = 0.0)",3
64,43,Cherrybark oak,1.0945,0.9938,-0.0755,2.5601,-1.8868,0.9452,0.9987,-0.0762,0.0114,0.0861,ok,"Figure 43. - Cherrybark oak (Broadfoot 1961) Mississippi Valley alluvium - Louisiana, Mississippi. Arkansas. Tennessee Number of plots and number of dominant and codominant trees not given Stem analysis. graphically constructed anamorphic curves Add 2 years to DBH age to obtain total age (BH 0.0)",2
65,44,Water oak,1.3466,8.9538,0.959,1.0415,-6.1926,0.7317,-0.3454,-0.0574,-0.0504,-0.3191,ok,"Figure 44. - Water oak (Broadfoot 1963) Mississippi Valley alluvium - Louisiana, Mississippi, Arkansas, Tennessee Number of plots and number of dominant and codominant trees not given Stem analysis, graphically constructed anamorphic curves Add 2 years to DBH age to obtain total age (BH 0.0)",2
66,45,Nuttall oak,1.3295,0.9565,16.0085,-0.0597,-0.3709,0.7488,1.0424,-0.4157,-10.0941,,too_few:9,"Figure 45. - NuttaII oak (Broadfoot 1969) Mississippi Valley alluvium - Louisiana, Mississippi, Arkansas. Tennessee Number of dominant and codominant trees not given Stem analysis, graphicalty constructed anamorphic curves Add 2 years to DBH age to obtain total age (BH 0.0)",2
67,46,Chestnut oak,1.9044,-0.0162,0.9262,-0.0583,-0.01,0.9752,0,0.4124,1.0394,-0.998,ok,"Figure 46. - Chestnut oak (Carmean 1971, 1 972) Unglaciated uplands of southeastern Ohio, eastern Kentucky, and southern Indiana 1 8 plots having 59 dominant and codominant trees Stem analysis, nonlinear regression, polymorphic Add 3 years to DBH age to obtain total age (BH = 0.0)",3
68,47,Northern red oak,1.5403,1.0006,-0.0216,1.0616,-0.0044,1,0.9058,-0.0269,-0.5382,0.2108,ok,"Figure 47. - Northern red oak (Gevorkiantz 1957b) Southwestern Wisconsin Number of plots and number of dominant and codominant trees not given Total height and total age, anamorphic, equation not given Add 4 years to DBH age to obtain total age (BH = 0.0)",4
69,48,Northern red oak,6.1785,0.6619,-0.0241,25.0185,-0.74,0.1692,1.2648,-0.011,-3.4334,-0.3557,ok,"Figure 48. - Northern red oak (Carmean 1978) Northern Wisconsin and Upper Michigan 37 plots having 136 dominant and codominant trees Stem analysis, nonlinear regression, polymorphic Add 4 years to DBH age to obtain total age (BH 0.0)",4
70,49,Black oak,2.9989,0.8435,-0.02,3.4635,-0.302,0.2598,1.1721,-0.0107,-2.3272,-0.2825,ok,"Figure 49. - Black oak (Carmean 1971, 1972) Unglaciated uplands of southeastern Ohio, eastern Kentucky, southern Indiana, and southern Missouri 120 plots having 300 dominant and codominant trees Stem analysis, nonlinear regression, polymorphic Add 3 years to DBH age to obtain total age (BH - 0.0)",3
71,50,Black locust plantations,0.968,1.0301,-0.0468,0.1639,0.4127,0.9411,0.9941,-0.0535,-0.46,0.2242,ok,"Figure 50. - BIack locust plantations (Kellogg 1939a) Central States 170 plots, number of dominant trees not given Total height and total age, anamorphic, equation not given Convert DBH age to total age by adding years according to site index (BH 0.0)",
72,51,American basswood,4.7633,0.7576,-0.0194,6.511,-0.4156,0.1921,1.201,-0.01,-2.3009,-0.2331,ok,"Figure 51. - American basswood (Carmean 1978) Northern Wisconsin and Upper Michigan 122 plots having 483 dominant and codominant trees Stem analysis, nonlinear regression, polymorphic Add 4 years to DBH age to obtain total age (BH - 0.0)",4
73,52,American elm,1.037,0.2655,-0.003,0.8807,-0.114,1.133,1.1906,0.1391,-0.016,-0.4054,ok,"Figure 52. - American elm (Brendemuehl, McComb, and Thomson 1 961 a) Southern Iowa Number of plots and number of dominant and codominant trees not given Total height and total age, anamorphic, equation not given Add 3 years to DBH age to obtain total age (BH = 0.0)",3
74,53,American elm,6.4362,0.6827,-0.0194,10.9767,-0.5477,0.1898,1.2186,-0.011,-2.6865,-0.2717,ok,"Figure 53. - American elm (Carmean 1978) Northern Wisconsin and Upper Michigan 109 plots having 416 dominant and codominant trees Stem analysis, nonlinear regression, polymorphic Add 4 years to DBH age to obtain total age (BH - 0.0)",4
75,54,Balsam fir,1.0438,1.0708,-0.0222,1.5915,-0.1068,0.4358,1.065,-0.0179,-0.7497,0.0251,ok,"Figure 54. - Balsam fir (Gevorkiantz 1956b) Lake States Number of plots and number of dominant and codominant trees not given Total height and breast height age, anamorphic, equation not given Site index is total height of dominant and codominant trees at 50 years breast height age (BH = 4.5)",
76,55,Balsam fir,2.077,0.9303,-0.0285,2.8937,-0.1414,0.41,1.0799,-0.0205,-2.1577,-0.1295,ok,"Figure 55. - Balsam fir (Carmean and Hahn 1981, revision of Gevorkiantz 1956b) Lake States Number of plots and number of dominant and codominant trees not given Total height and total age, anamorphic, Gevorkiantz (1956b) equation not given Convert DBH age to total age by adding years according to site index (BH 0.0)",
77,56,Balsam fir,-0.0111,6.4229,-0.4586,,,-0.00019,-1.0286,-0.0723,,,too_few:6,"Figure 56. - Balsam fir (Griffin and Johnson 1980) Northern Maine (Aroostock and Piscataquis Counties) 42 pbts using stem analysis of ""six tallest trees"" (dominants) on each plot; trees older than 45 years breast height age Stem analysis, quadratic regression, polymorphic Site index is height of dominant trees at 50 years breast height H Sl 8.1200 0.0061 age (BH be 0.6748 1.3539 0.0)",
78,57,Atlantic white-cedar,1.5341,1.0013,-0.0208,0.9986,-0.0012,0.6528,1,-0.0213,-1.0243,-0.0046,ok,"Figure 57. - Atlantic white-cedar (Korstian and Brush 1931) Florida to Massachusetts 63 plots, number of dominant trees not given Total height and total age, anamorphic, equation not given Convert DBH age to total age by adding years according to site index (BH - 0.0)",
79,58,Eastern redcedar,0.9276,1.0591,-0.0424,0.3529,0.3114,0.8965,0.9895,-0.0397,-1.0981,-0.0242,ok,"Figure 58. - Eastern redcedar (Hampf 1 965) Tennessee Valley ""Based on 271 observations"" Total height and total age of dominants, anamorphic, equation not given Conven DBH age to total age by adding years according to site index (BH 0.0)",
80,59,European larch plantations,1.1151,1,-0.0504,0.0009,-1.4863,0.8821,1.0047,-0.051,1.3076,-0.0271,trimmed:12,"Figure 59. - European larch plantations (Aird and Stone 1955, Stone 1957) New York and southern New England 147 plots, number of dominants and codominants not given Total height and total age, anamorphic, logarithm equation Add 3 years to DBH age to obtain total age (BH - 0.0)",3
81,60,Tamarack,1.547,1,-0.0225,1.1129,0,0.6464,1,-0.0225,-1.1129,0,ok,"Figure 60. - Tamarack (Gevorkiantz 1957d) Minnesota Number of plots and number of dominant and codominant trees not given Total height and total age, anamorphic, equation not given Convert DBH age to total age by adding years according to site index (BH = 0.0)",
82,61,Japanese larch plantations,,,,,,,,,,,too_few:0,"Figure 61. - Japanese larch plantations (Aird and Stone 1955, Stone 1957) Southern portion of upper New York 25 plots, number of dominants and codominants not given Total height and total age, anamorphic, logarithm equation not given Add 3 years to DBH age to obtain total age (BH 0.0)",3
83,62,Spruces,-0.0018,1.2495,-0.0944,,,-0.00024,-1.1102,,,,too_few:5,"Figure 62. - Spruces (Griffin and Johnson 1980) Northern Maine (Aroostock and Piscataquis Counties) 40 plots combining data for red, white, and black spruces; ""six tallest trees' (dominants) on each plot; trees older than 45 years breast height age Stem analysis, quadratic regression, polymorphk: Site index is height of dominant trees at 50 years breast height H Sl 1.0716 0.0063 age (BH b 1.1276 1.3985 4.5)",
84,63,Norway spruce plantations,6.7791,0.6876,-0.028,12.1447,-0.4142,0.0259,1.2496,-0.0021,-1.7841,-0.1088,ok,"Figure 63. - Norway spruce plantations (Wilde et al. 1965) Wisconsin Number of plots and number of dominant trees not given Total height and total age, anamorphic curves based on average of Wilde's two height growth curves Convert DBH age to total age by adding years according to site index (BH 0.0)",
85,64,Norway spruce plantations,8.6744,0.9986,-0.0031,0.8904,-0.0006,0.1149,0.6638,-0.0005,-0.568,0.0958,ok,"Figure 64. - Norway spruce plantations (Hannah 1972) Vermont 99 plantations, number of dominant trees not given Total height and plantation age, anamorphic, quadratic equation Site index is total height at 30 years plantation age Convert DBH age to plantation age by adding years according to site index (BH 0.0)",
86,65,Norway spruce plantations,2.0854,0.9547,3.8109,0.9416,-0.8085,0.7847,-0.0427,-0.2288,-0.068,0.2206,ok,"Figure 65. - Norway spruce plantations (Gordon, Williams, and Taylor 1989) Southern Ontario 55 plots having 220 dominant and codominant trees Stem analysis, site index prediction equations using Hegar (1968) model Site index is total height of dominant and codominant trees at 25 years breast height age (BH 4.5)",
87,66,White spruce,4.4803,0.7382,-0.0289,26.6132,-0.6461,0.0816,1.3801,-0.0119,-3.5684,-0.2906,ok,"Figure 66. - White spruce (Gevorkiantz 1957g) Minnesota Number of plots and number of dominant and codominant trees not given Total height and breast height age, anamorphic, equation not given Site index is total height of dominant and codominant trees at 50 years breast height age (BH = 4.5)",
88,67,White spruce,1.3079,0.5419,-0.0345,34.1568,-0.6078,0.038,1.5142,-0.0124,-6.484,-0.355,ok,"Figure 67. - White spruce (Carmean and Hahn 1981, revision of Gevorkiantz 1957g) Minnesota Number of plots and number of dominant and codominant trees not given Total height and breast height age, anamorphic, Gevorkiantz (1957g) equation not given Convert DBH age to total age by adding years according to site index (BH 0.0)",
89,68,White spruce plantations,0.7485,-0.0401,-0.0383,0.0248,0.032,1.0008,0.9939,1.8068,-1.7116,,too_few:9,"Figure 68. - White spruce plantations (Stiell and Berry 1973a, Berry 1978) Ontario - Petawawa 46 permanent growth study plots, number of dominant trees not given Plot remeasurements. quadratic equation not given, anamorphic Site index is total height at 50 years from planting Add 5 years to DBH age to obtain age from planting (BH - 0.0)",5
90,69,White spruce plantations,20.3317,0.4049,-0.0275,7.2043,-0.5166,0.00033,1.6606,-0.00025,-1.2755,-0.0715,ok,"Figure 69. - White spruce plantations (Thrower 1986b) North central Ontario 46 plots having 3 dominant trees per plot Internode measurements and stem analysis, nonlinear regression. polymorphic Site index is total height at 15 years breast height age (BH 4.5)",
91,70,Black spruce,1.762,1,-0.0201,1.2307,0,0.5675,1,-0.0201,-1.2307,0,ok,"Figure 70. - BIack spruce (Gevorkiantz 1957a, derived from Fox and Kruse 1939) Northeastern Minnesota - Superior National Forest Number of plots and number of dominant and codominant trees not given Total height and total age, anamorphic, equation not given Convert DBH age to total age by adding years according to site index (BH 0.0)",
92,,,16.212,0.458,-0.0135,8.0105,-0.5321,0.0008,1.8529,-0.00016,-1.7043,-0.1933,trimmed:11,"Figure spruce peatlands (Payandeh 1978) Ontario Clay Belt Number of plots not given, 60 dominant and codominant trees Stem analysis, polymorphZ, nonlinear regression Add 15 years to DBH age to obtain total age (BH 0.0)",15
93,72,Black spruce,2.9232,0.8737,1.1955,-0.3319,-1.2545,0.1324,-0.0178,-0.0061,4.6529,-0.0943,ok,"Figure 72. - Black spruce (Thrower 1986a) North central Ontarb, mineral soils 44 plots having 2 to 5 dominant and codominant trees per plot Stem analysis, nonlinear regression, polymorphic Site index is total height at 50 years breast height age (BH = 4.5)",
94,73,Red spruce,1.3307,1.0442,-0.0496,3.5829,0.0945,0.9333,0.9124,-0.0585,-3.1832,0.2184,ok,"Figure 73. - Red spruce (Meyer 1929) Maine, New Hampshire, and Vermont 201 plots, number of dominant and codominant trees not given Total height and total age, anamorphic, equation not given, original curves revised from SI age 65 to SI age 50 years Add 15 years to DBH age to obtain total age (BH 0.0)",15
95,74,Jack pine,1.633,1,-0.0223,1.2419,0,0.6124,1,-0.0223,-1.2419,0,ok,"Figure 74. - Jack pine (Gevorkiantz 1956c, derived from Wackerman et al. 1929, and from Eyre and LeBarron 1944) Lake States Number of plots and number of dominant and codominant trees not given Total height and total age, anamorphic. equation not given Convert DBH age to total age by adding years according to site index (BH = 0.0)",
96,75,Jack pine,2.0141,,,,,0.1917,,,,,too_few:2,"Figure 75. - Jack pine (Lenthall 1986, Carmean and Lenthall 1989) North central Ontario 141 plots having 3 to 5 dominant and codominant trees per plot Stem analysis, nonlinear regression, polymorphic Site index is total height at 50 years breast height age (BH = 4.5)",
97,76,Jack pine plantations,,,,,,,,,,,too_few:0,"Figure 76. - Jack pine plantations (Wilde et al. 1965) Wisconsin 44 pbts, number of dominant and codominant trees not given Total height and total age, anamorphic, equation not given Add 4 years to DBH age to obtain total age (BH - 0.0)",4
98,77,Sand pine,,,,,,,,,,,too_few:0,"Figure 77. - Sand pine (Schumacher and Coile 1970) Florida - Ocala National Forest 54 plots having 8 dominant and codominant trees on each plot Total height and total age, anamorphic, logarithm equation Add 5 years to DBH age to obtain total age (BH 0.0)",5
99,78,Shortleaf pine,1.4232,0.9989,-0.0285,1.2156,0.0088,0.7286,0.9946,-0.0296,-1.1733,0.0266,ok,"Figure 78. - Shortleaf pine (USDA 1929) Southern States 188 plots, number of dominant trees not given Total height and total age, anamorphic, equation not given Convert DBH age to total age by adding years according to site index (BH = 0.0)",
100,79,ShortIeaf pine,1.4809,1.0145,-0.0142,0.604,0.0242,0.6161,0.9871,-0.0106,-0.5655,0.0174,ok,"Figure 79. - ShortIeaf pine (Schumacher and Coile 1960) North Carolina Piedmont 74 plots having 8 dominant and codominant trees on each plot Total height and total age, anamorphic, logarithm equation Convert DBH age to total age by adding years according to site index (BH - 0.0)",
101,80,Shortleaf pine,0.8977,1.0624,-0.0398,0.1419,-0.6048,0.9506,0.9859,-0.0562,0.4709,0.2444,ok,"Figure 80. - Shortleaf pine (Nash 1963) Southeastern Missouri - three areas averaged 309 pbts having 7 dominant and codominant trees on each plot Total height and total age, anamorphic, equation not given Convert DBH age to total age by adding years according to site index (BH = 0.0)",
102,81,ShortIeaf pine,2.2746,0.9019,-0.022,2.1554,-0.2208,0.428,1.0711,-0.0139,-1.323,-0.12069,ok,"Figure 81. - ShortIeaf pine (Graney and Burkhart 1973) Ouachita Mountains of west-central Arkansas and southeastern Oklahoma 216 plots having 2 dominant and codominant trees on each plot Stem analysis, nonlinear regression, polymorphic Convert DBH age to total age by adding years according to site index (BH = 0.0)",
103,82,Shortleaf pine plantations,,,,,,,,,,,too_few:0,"Figure 82. - Shortleaf pine plantations (Smalley and Bower 1971) Central Tennessee, Northern Alabama, and Northwest Georgia 104 plantations, number of dominant trees not given Total height and age from seed, anamorphic, logarithm equation Site index is total height at 25 years age from seed Convert DBH age to age from seed by adding years according to site index (BH - 0.0)",
104,83,Shortleaf pine plantations,1.4105,0.9977,-0.0747,2.0668,-0.0104,0.6996,1.0078,-0.0761,-2.2217,-0.0262,ok,"Figure 83. - Shortleaf pine plantations (Gilmore and Metcalf 1961 b) Southern Illinois 61 plantations, number of dominant and codominant trees not given Total height and plantation age, anamorphic, logarithm equation Site index is total height at plantation age of 25 years Convert DBH age to plantation age by adding years according to site index (BH 0.0)",
105,84,Slash pine,1.1557,1.0031,-0.0408,0.9807,0.0314,0.8565,1.0002,-0.0421,-1.1093,0.0124,ok,"Figure 84. - Slash pine (USDA 1929) Southern States 124 plots, number of dominant trees not given Total height and total age, anamorphic, equation not given Convert DBH age to total age by adding years according to site index (BH = 0.0)",
106,85,SIash pine,1.6072,0.9192,-0.039,12.9271,-0.6427,0.5764,1.0893,-0.0268,-5.478,-0.5358,ok,"Figure 85. - SIash pine (Schumacher and Coile 1960, Coile and Schumacher 1964) Southeastern and southern States 231 plots having 8 dominant and codominant trees on each plot Total height and total age, anamorphic, logarithm equation Convert DBH age to total age by adding years according to site index (BH 0.0)",
107,86,Slash pine,1.3379,0.9999,-0.0534,0.9608,-0.0001,0.6874,1.0212,-0.0555,-1.3771,-0.0775,ok,"Figure 86. - Slash pine (Langdon 1959) Florida 90 permanent growth study plots, number of dominant and codominant trees not given Total height and total age, anamorphic, logarithm equation Site index is total height at 25 years total age Convert DBH age to total age by adding years according to site index (BH 0.0)",
108,87,Slash pine,1.151,1,-0.0375,0.8394,0,0.847,1.0062,-0.038,-1.0187,-0.041,ok,"Figure 87. - Slash pine (Bennett 1970) Florida and southern Georgia 176 permanent growth study plots, number of dominant and codominant trees not given Total height and total age, anamorphic, logarithm equation Convert DBH age to total age by adding years according to site index (BH 0.0)",
109,88,Slash pine plantations,2.0185,0.8815,-0.0902,18.8088,-0.552,0.3372,1.1467,-0.0342,-3.4365,-0.3336,ok,"Figure 88. - Slash pine plantations (Barnes 1955) Florida 328 pbts, number of dominant trees not given Total height and total age, anamorphic, equation not given Site index is total height at 25 years total age Convert DBH age to total age by adding years according to site index (BH 0.0)",
110,89,Slash pine plantations,1.2144,0.9999,-0.0916,1.7968,-0.0002,0.8474,0.9983,-0.1,-1.9954,0.002,ok,"Figure 89. - Slash pine plantations (Bennett, McGee, and Clutter 1959; McGee and Bennett 1959) Georgia middle coastal plain and Carolina sandhills 310 plots, number of dominant and codominant trees not given Total height and total age, anamorphic, logarithm equation Site index is total height at 25 years total age Convert DBH age to total age by adding years according to site index (BH 0.0)",
111,90,SIash pine plantations,1.8395,1.0001,-0.0335,1.0774,0.0001,0.5135,1.0169,-0.0348,-1.2309,-0.0278,ok,"Figure 90. - SIash pine plantations (Zarnoch and Feduccia 1984) West Gutf 247 plots, some plots remeasured, plantations mostly outside natural range of slash pine Total height and plantation age, anamorphic. nonlinear regression Site index is total height at plantation age of 25 years Convert DBH age to plantation age by adding years according to site index (BH - 0.0)",
112,91,Slash pine direct-seeded,,,,,,,,,,,too_few:0,"Figure 91. - Slash pine direct-seeded (Lohrey 1987) Louisiana 218 plots in cutover forest sites that were site prepared and direct seeded; remeasurements from most plots Total height and age from seed from IO or more dominant and codominant trees on each plot, anamorphic, logarithm equation Site index is total height at 25 years age from seed Convert DBH age to plantation age by adding years according to site index (BH 0.0)",
114,92,Longleaf pine,1.421,0.9947,-0.0269,1.1344,-0.0109,0.6333,1.031,-0.0278,-1.6207,-0.0878,ok,"Figure 92. - Longleaf pine (USDA 1929) Southern States 244 plots, number of dominant trees not given Total height and total age, anamorphic, equation not given Convert DBH age to total age by adding years according to site index (BH - 0.0)",
115,93,Longleaf pine,1.1672,1.001,-0.0459,1.346,0.0204,0.7948,1.0171,-0.047,-2.1964,-0.0864,ok,"Figure 93. - Longleaf pine (Schumacher and Coile 1960) Atlantic Coastal Plain 368 plots having 8 dominant and codominant trees on each plot Total height and total age, anamorphic, logarithm equation Convert DBH age to total age by adding years according to site index (BH - 0.0)",
116,94,Longleaf pine,1.3196,1,-0.0356,1.4271,0.000017,0.6398,1.0401,-0.0345,-2.697,-0.1749,ok,"Figure 94. - Longleaf pine (Farrar 1981) Coastal plain of Northwest Florida, Southwest Georgia, South and Central Alabama, and South Mississippi 182 permanent growth study plots on naturally regenerated lands, remeasurements of total height and age from dominant and codominant trees Weighted multiple linear regression, anamorphic Convert DBH age to total age by adding years according to site index (BH 0.0)",
117,95,Red pine,1.89,1,-0.0198,1.3892,0,0.5291,1,-0.0198,-1.3892,0,ok,"Figure 95. - Red pine (Gevorkiantz 1957c, derived from Eyre and Zehngraff 1948, and Brown and Gevorkiantz 1934) Minnesota Number of plots and number of dominant and codominant trees not given Total height and total age, anamorphic, equation not given Convert DBH age to total age by adding years according to site index (BH 0.0)",
118,96,Red pine plantations,19.0635,0.5885,-0.0111,3.3922,-0.3418,0.0199,1.0192,-0.0081,-0.773,0.0424,ok,"Figure 96. - Red pine plantations (Richards, Morrow, and Stone 1962) New York 96 plots having 6 to IO dominant and codominant trees on each plot Total height and breast height age, polymorphic, independent curves plotted for each site class Site index is height at 20 years breast height age (BH 4.5)",
119,97,Red pine plantations,,,,,,,,,,,too_few:0,"Figure 97. - Red pine plantations (Hannah 1971) Vermont 92 plots having 2 to 4 dominant trees on each pbt Total height and plantation age, anamorphic, logarithm equation Site index is total height at 30 years plantation age Add 7 years to DBH age to obtain plantation age (BH 50 45 Maximum difference 0.4 0.6 H 112 2.0401 0.4935 1.0003 -0.0361 1.7914 -0.0090 0.9966 -0.0353 -1.7278 -0.0051 0.94 0.95 - 0.0)",7
120,98,Red pine plantations,,,,,,,,,,,too_few:0,"Figure 98. - Red pine plantations (Wilde et al. 1965) Wisconsin 69 plantations, number of dominant and codominant trees not given Total height and age from seed, anamorphic, equation not given Add 7 years to DBH age to obtain age from seed (BH 0.0)",7
121,99,Red pine plantations,0.7666,1.0909,-0.0733,3.2335,-0.2947,0.3862,1.1649,-0.0646,-1.0878,-0.0287,ok,"Figure 99. - Red pine plantations (Gilmore 1967) Illinois 60 plantations, number of dominant trees not given Total height and breast height age, anamorphic, logarithm equation Site index is total height at 25 years breast height age (BH 4.5)",
122,100,Red pine plantations,0.9978,-0.0147,1.0937,-0.0035,0.89,0.9965,-0.0143,-1.0491,0.0039,0.92,trimmed:12,"Figure 100. - Red pine plantations (Stiell and Berry 1973b, Berry 1984) Eastern Ontario - Petawawa 31 plantations having 56 permanent growth study plots Periodic height measurements, anamorphic, quadratic equation not given Site index is total height at 50 years since planting Add 5 years to DBH age to obtain years since planting (BH = 0.0)",5
123,101,Red pine plantations,13.6713,0.5404,-0.0283,8.772,-0.5308,0.00098,1.4784,-0.00023,-1.1602,-0.0574,ok,"Figure 101. - Red pine plantations (Thrower 1986b) North central Ontario 25 plots having 3 dominant trees per plot Internode measurements and stem analysis, nonlinear regression. polymorphic Site index is total height at 20 years breast height age (BH 4.5)",
124,102,Pond pine,1.1266,1.0051,-0.0367,0.678,0.0404,0.8682,1.0012,-0.0384,-0.8561,-0.0016,ok,"Figure 102. - Pond pine (Schumacher and Coile 1960) Coastal Plain of North Carolina, South Carolina, and Georgia 130 plots having 8 dominant and codominant trees on each plot Total height and age, anamorphic, logarithm equation Convert DBH age to total age by adding years according to site index (BH = 0.0)",
125,103,Eastern white pine,1.966,1,-0.024,1.8942,0,0.5086,1,-0.024,-1.8942,0,ok,"Figure 103. - Eastern white pine (Gevorkiantz 1957f, derived from Gevorkiantz and Zon 1930) Northern Wisconsin 92 plots, number of dominant and codominant trees not given Total height and total age, anamorphic, equation not given Convert DBH age to total age by adding years according to site index (BH 0.0)",
126,104,Eastern white pine,3.2425,0.798,-0.0435,52.0549,-0.7064,0.4732,1.052,-0.0168,-2.2944,-0.1984,ok,"Figure 104. - Eastern white pine (Beck 1971a, 1971b) Appalachian Mountains of Virginia, Tennessee, North Carolina, and Georgia 42 plots having 3 dominant and codominant trees on each plot Stem analysis, polymorphic. nonlinear regression Convert DBH age to total age by adding years according to site index (BH 0.0)",
127,105,Eastern white pine plantations,-0.0785,0.4143,1.1539,-1.0397,0.0379,0.6689,1.1249,1.9792,-0.1365,,too_few:9,"Figure 105. - Eastern white pine plantations (Gilmore 1968) Illinois 48 plantations, number of dominant trees not given Total height and breast height age, anamorphic, logarithm equation Site index is height at 25 years breast height age (BH 4.5)",
128,106,Eastern white pine plantations,,,,,,,,,,,too_few:0,"Figure 106. - Eastern white pine plantations (Hannah 1971) Vermont 75 plots having 2 to 4 dominant trees on each plot Total height and plantation age, anamorphic, logarithm equation Site index is total height at 30 years plantation Add 9 years to DBH age to obtain plantation age (BH H 1.5269 Sl 0.6457 0.9955 0.00048 -0.0550 1.9118 1.0096 -0.0564 -2.0691 -0.0119 0.98 0.98 0.0)",9
129,107,Eastern white pine plantations,1.4638,0.9979,-0.0743,2.246,-0.004,0.659,1.0117,-0.0744,-2.5813,-0.0423,ok,"Figure 107. - Eastern white pine plantations (Vimmerstedt 1959, 1962) Southern Appalachian Mountains of North Carolina, Tennessee, and Georgia I I I plots having 5 to 6 dominant and codominant trees on each plot Total height and age, anamorphic, logarithm equation Site index is total height at 25 years plantation age Convert DBH age to total age by adding years according to site index (BH - 0.0)",
130,108,Scotch pine plantations,1.2096,1.0027,-0.0671,1.2282,0.0335,0.9618,0.9587,-0.069,-0.7625,0.1719,ok,"Figure 108. - Scotch pine plantations (Hannah 1971) Vermont 31 plots having 2 to 4 dominant trees on each pbt Total height and plantation age, anamorphic, bgarithm equation Site index is total height at 30 years plantation age Add 5 years to DBH age to obtain plantation age (BH 0.0)",5
131,109,Loblolly pine,1.1727,1.0042,-0.0439,1.3558,0.024,0.8765,0.9902,-0.0447,-1.2443,0.0502,ok,"Figure 109. - Loblolly pine (USDA 1929) Southern States 146 plots, number of dominants not given Total height and total age, anamorphic, equation not given Convert DBH age to total age by adding years according to site index (BH = 0.0)",
132,110,LobIoIly pine,1.1421,1.0042,-0.0374,0.7632,0.0358,0.8485,1.0038,-0.0389,-1.0031,-0.0145,ok,"Figure I I0. - LobIoIly pine (Schumacher and Coile 1960, Coile and Schumacher 1964) Coastal Plain from Chesapeake Bay, Maryland to Mobile Bay, Alabama 420 plots having 8 dominant and codominant trees on each plot Total height and total age, anamorphic, logarithm equation Convert DBH age to total age by adding years according to site index (BH 0.0)",
133,111,Loblolly pine,3.0849,0.8076,-0.0341,26.2342,-0.6702,0.5694,1.0415,-0.0204,-1.4874,-0.1242,ok,"Figure 1 1 1. - Loblolly pine (Trousdell, Beck, and Lloyd 1974) Coastal Plain of Virginia, North Carolina, and South Carolina 22 plots having 2 dominant and codominant trees on each plot Stem analysis, polymorphic, nonlinear regression Convert DBH age to total age by adding years according to site index (BH 0.0)",
134,112,LobloIIy pine,1.1643,0.9999,1.0165,1.1057,-0.0002,0.7973,-0.0413,-0.0408,-1.6634,-0.0974,ok,"Figure 112. - LobloIIy pine (Zahner 1962) North Louisiana and southern Arkansas 211 plots on poorly aerated soils, number of dominant and codominant trees not given, additional site index curves given for loess soils and well-aerated soils Total height and total age, anamorphic, age coefficient from soil-site regression Convert DBH age to total age by adding years according to site index (BH 0.0)",
135,108,Scotch pine plantations,0.9618,0.9587,-0.069,-0.7625,0.1719,1.0027,-0.0671,1.2282,0.0335,,too_few:9,"Figure 108. - Scotch pine plantations (Hannah 1971) Vermont 31 plots having 2 to 4 dominant trees on each plot Total height and plantation age, anamorphic, logarithm equation Site index is total height at 30 years plantation age Add 5 years to DBH age to obtain plantation age (BH 0.0)",5
136,113,LobIoIIy pine plantations,1.1579,1,-0.093,1.4274,0.0001,0.915,0.9936,-0.1123,-1.5988,0.0347,ok,"Figure 113. - LobIoIIy pine plantations (Shipman 1960) South Carolina Piedmont 220 plantations, number of dominant trees not given Total height and plantation age, anamorphic, logarithm equation Site index is total height at 25 years plantation age Convert DBH age to plantation age by adding years according to site index (BH 0.0)",
137,114,Aobblly pine plantations,2.9579,0.8274,-0.0581,9.3221,-0.4616,0.1483,1.256,-0.0155,-2.5747,-0.299,ok,"Figure 114.Aobblly pine plantations (Clutter and Lenhart 1968) Georgia Piedmont 141 dominant and codominant trees, number of plots not given Stem analysis, polymorphic, nonlinear regression Site index is total height at 25 years plantation age Convert DBH age to plantation age by adding years according to site index (BH 0.0)",
138,115,Loblolly pine plantations--Piedmont,1.006,1.1098,1.0028,0.5548,0.2433,0.8459,-0.0535,-0.1241,-1.4067,0.2398,ok,"Figure 115. - Loblolly pine plantations--Piedmont (Amateis and Burkhart 1985) Piedmont throughout most of natural range 68 plots, cutover and site prepared land. 1 dominant and 1 codominant tree on each plot Stem analysis, differential equation, polymorphic Site index is total height at 25 years since planting Convert DBH age to age since planting by adding years according to site index (BH - 0.0)",
139,116,Aoblolly pine plantations--Coastal Plain,1.0107,1.1384,-0.0393,0.4584,0.2413,0.9172,0.9646,-0.0982,-1.033,0.2288,ok,"Figure 116.Aoblolly pine plantations--Coastal Plain (Amateis and Burkhart 1985) Coastal Plain throughout most of natural range 105 plots, cutover and site prepared land, 1 dominant and 1 codominant tree on each plot Stem analysis, differential equation, polymorphic Site index is total height at 25 years since planting Convert DBH age to age since planting by adding years according to site index (BH 0.0)",
140,117,LobIoIIy pine plantations--well drained,1.1519,1,-0.1003,1.664,0.0001,0.868,1,-0.1003,-1.665,-0.00004,ok,"Figure 117. - LobIoIIy pine plantations--well drained (Pienaar and Shiver 1980) Coastal plains of North and South Carolina - all except very poorly drained soils 154 plots, site prepared lands, 2 dominant and codominant trees on each plot Stem analysis, nonlinear regression, anamorphic Site index is total height at 25 years since planting Convert DBH age to age since planting by adding years according to site index (BH 0.0)",
141,118,LobloIIy pine plantations--poorly drained,1.5177,1,-0.0551,1.436,-0.0001,0.6596,0.9998,-0.0551,-1.4347,0.0002,ok,"Figure 118. - LobloIIy pine plantations--poorly drained (Pienaar and Shiver 1980) Coastal Plains of North and South Carolina - very poorly drained soils in pocosins 25 plots, site prepared lands, 2 dominant and codominant trees on each plot Stem analysis, nonlinear regression, anamorphic Site index is total height at 25 years since planting Convert DBH age to age since planting by adding years according to site index (BH 0.0)",
142,119,Loblolly pine plantations,,,,,,,,,,,too_few:0,"Figure 119. - Loblolly pine plantations (Smalley and Bower 1971) Central Tennessee, Northern Alabama, and Northwest Georgia 270 plantations, number of dominant and codominant trees not given Total height and age from seed, anamorphic, bgarithm equation Site index is total height at 25 years age from seed Convert DBH age to age from seed by adding years according to site index (BH 0.0)",
143,120,Loblolly pine plantations,1.1547,0.9973,-0.0915,1.2294,0.0029,0.855,1.0066,-0.0931,-1.3579,-0.0163,ok,"Figure 120. - Loblolly pine plantations (Lenhart 1971) Interior West Guff Coastal Plain of Texas, Louisiana, and Arkansas 699 plots, number of dominant and codominant trees not given Total height and total age, anamorphic, logarithm equation Site index is total height at 25 years total age Conven DBH age to total age by adding years according to site index (BH 0.0)",
144,121,Lobblly pine plantations,2.7644,0.9991,-0.009,0.6293,0.0003,0.2937,1.0738,-0.0112,-0.9033,-0.0801,ok,"Figure 121. - Lobblly pine plantations (Popham et al. 1979) Lower West Gutf Coastal Plain of eastern Texas, Louisiana, Arkansas, and Alabama 293 permanent growth plots on cutover sites, number of dominant and codominant trees not given Remeasurements of total height and total age, anamorphic, regression equations Site index is total height at 25 years total age Convert DBH age to total age by adding years according to site index (BH 0.0)",
145,122,LobIoIIy pine plantations,1.2697,1.0002,-0.0885,2.0238,0.0006,0.705,1.0303,-0.086,-2.7362,-0.1026,ok,"Figure 122. - LobIoIIy pine plantations (Gilmore and Metcalf 1961 a) Southern Illinois 53 plantations, number of dominant trees not given Total height and plantation age, anamorphic, logarithm equation Site index is total height at 25 years plantation age Convert DBH age to plantation age by adding years according to site index (BH 0.0)",
146,123,Virginia pine,1.2096,1.014,-0.038,1.3247,0.0374,0.91,0.9645,-0.0396,-1.0279,0.1133,ok,"Figure 123. - Virginia pine (Slocum and Miller 1953) Piedmont of Durham County, North Carolina 116 plots. number of dominant and codominant trees not given Total height and total age, anamorphic, equation not given Convert DBH age to total age by adding years according to site index (BH - 0.0)",
147,124,Virginia pine,1.1204,0.9984,-0.0597,2.4448,-2.1682,0.8421,1,-0.049,-0.0284,-0.0762,ok,"Figure 124. - Virginia pine (Chaiken and Nelson 1959; Nelson, Clutter, and Chaiken 1961) Piedmont of Maryland, Virginia, and the Carolinas 166 plots, number of dominant and codominant trees not given Total height and total age, anamorphic, logarithm equation not given Convert DBH age to total age by adding years according to site index (BH 0.0)",
148,125,Virginia pine,0.7716,1.1087,-0.0348,0.1099,0.5274,1.0955,0.9455,-0.0527,-0.3886,0.3628,ok,"Figure 125. - Virginia pine (Kulow, Sowers. and Heesch 1966) West Virginia, Maryland, and Pennsylvania 922 dominant and codominant trees, number of plots not given Total height and total age, anamorphic, logarithm equation Convert DBH age to total age by adding years according to site index (BH = 0.0)",
149,124,Virginia pine,1.1204,0.9984,-0.0597,2.4448,-0.0284,0.8421,1,-0.049,-2.1682,-0.0762,ok,"Figure 124. - Virginia pine (Chaiken and Nelson 1959; Nelson, Clutter, and Chaiken 1961) Piedmont of Maryland, Virginia, and the Carolinas 166 plots, number of dominant and codominant trees not given Total height and total age, anamorphic, logarithm equation not given Convert DBH age to total age by adding years according to site index (BH 0.0)",
150,126,Northern white-cedar,1.973,1,-0.0154,1.0895,0,0.5068,1,-0.0154,-1.0895,0,ok,"Figure 126. - Northern white-cedar (Gevorkiantz 1957e) Lake States Number of plots and number of dominant and codominant trees not given Total height and total age, anamorphic, equation not given Convert DBH age to total age by adding years according to site index (BH 0.0)",
151,127,Eastern hemlock,2.1493,0.9979,-0.0175,1.4086,-0.0008,0.2172,1.1309,-0.0105,-1.912,-0.1327,too_few:0,"Figure 127. - Eastern hemlock (Frothingham 1915a) Based on average of ""maximum"" height growth curves from stands in New York, Michigan, and Southern Appalachian Mountains Number of plots and number of dominant trees not given Total height and age, anamorphic, equation not given Add 6 years to DBH age to obtain total age. Vigorous uninjured freegowing dominants in even aged stands are particularly important for estimating site index of hemlock (BH - 0.0)",6
