"region_ecologique","region_description","subregion_ecologique","type_ecologique"
"2a","Collines de la basse Gatineau","","FE22"
"2a","Collines de la basse Gatineau","","MJ11"
"2a","Collines de la basse Gatineau","","MJ12"
"2b","Plaine du Saint-Laurent","","FE22"
"2b","Plaine du Saint-Laurent","","MJ14"
"2b","Plaine du Saint-Laurent","","MJ24"
"2b","Plaine du Saint-Laurent","","MJ25"
"2b","Plaine du Saint-Laurent","","RS54"
"2c","Coteaux de l'Estrie","","FE22"
"2c","Coteaux de l'Estrie","","MJ12"
"2c","Coteaux de l'Estrie","","MJ22"
"3a","Collines de l'Outaouais et du Témiscamingue","","FE32"
"3a","Collines de l'Outaouais et du Témiscamingue","","MJ12"
"3a","Collines de l'Outaouais et du Témiscamingue","","MJ21"
"3a","Collines de l'Outaouais et du Témiscamingue","","MJ22"
"3a","Collines de l'Outaouais et du Témiscamingue","","RP12"
"3b","Collines du lac Nominingue","","FE22"
"3b","Collines du lac Nominingue","","FE32"
"3b","Collines du lac Nominingue","","MJ12"
"3b","Collines du lac Nominingue","","MJ21"
"3b","Collines du lac Nominingue","","MJ22"
"3b","Collines du lac Nominingue","","RP11"
"3b","Collines du lac Nominingue","","RS10"
"3b","Collines du lac Nominingue","","RS12"
"3c","Hautes collines du bas Saint-Maurice","","FE32"
"3c","Hautes collines du bas Saint-Maurice","","MJ12"
"3c","Hautes collines du bas Saint-Maurice","","MJ22"
"3c","Hautes collines du bas Saint-Maurice","","MJ25"
"3c","Hautes collines du bas Saint-Maurice","","RS52"
"3d","Coteaux des basses Appalaches","","MJ12"
"3d","Coteaux des basses Appalaches","","MJ15"
"3d","Coteaux des basses Appalaches","","MJ16"
"3d","Coteaux des basses Appalaches","","MJ22"
"3d","Coteaux des basses Appalaches","","MJ25"
"3d","Coteaux des basses Appalaches","","RS55"
"4a","Plaines et coteaux du lac Simard","","MJ22"
"4a","Plaines et coteaux du lac Simard","","MS22"
"4a","Plaines et coteaux du lac Simard","","MS26"
"4a","Plaines et coteaux du lac Simard","","RS22"
"4a","Plaines et coteaux du lac Simard","","RS25"
"4b","Coteaux du réservoir Cabonga","","MJ22"
"4b","Coteaux du réservoir Cabonga","","MS22"
"4b","Coteaux du réservoir Cabonga","","RE21"
"4b","Coteaux du réservoir Cabonga","","RS12"
"4b","Coteaux du réservoir Cabonga","","RS21"
"4b","Coteaux du réservoir Cabonga","","RS22"
"4c","Collines du moyen Saint-Maurice","","MJ22"
"4c","Collines du moyen Saint-Maurice","","MJ25"
"4c","Collines du moyen Saint-Maurice","","MS22"
"4c","Collines du moyen Saint-Maurice","","MS25"
"4c","Collines du moyen Saint-Maurice","","RE21"
"4c","Collines du moyen Saint-Maurice","","RE22"
"4c","Collines du moyen Saint-Maurice","","RS22"
"4d","Hautes collines de Charlevoix et du Saguenay","","MS12"
"4d","Hautes collines de Charlevoix et du Saguenay","","MS22"
"4d","Hautes collines de Charlevoix et du Saguenay","","RS22"
"4e","Plaine du lac Saint-Jean et du Saguenay","","MS21"
"4e","Plaine du lac Saint-Jean et du Saguenay","","RE21"
"4f","Collines des moyennes Appalaches","","FE32"
"4f","Collines des moyennes Appalaches","","MS12"
"4f","Collines des moyennes Appalaches","","MS13"
"4f","Collines des moyennes Appalaches","","MS15"
"4f","Collines des moyennes Appalaches","","MS22"
"4f","Collines des moyennes Appalaches","","MS62"
"4f","Collines des moyennes Appalaches","","RS12"
"4f","Collines des moyennes Appalaches","","RS15"
"4f","Collines des moyennes Appalaches","","RS52"
"4f","Collines des moyennes Appalaches","","RS55"
"4g","Côte de la baie des Chaleurs","","MS13"
"4g","Côte de la baie des Chaleurs","","MS63"
"4g","Côte de la baie des Chaleurs","","RS16"
"4h","Côte gaspésienne","","MS13"
"4h","Côte gaspésienne","","MS23"
"4h","Côte gaspésienne","","MS26"
"5a","Plaine de l'Abitibi","","ME13"
"5a","Plaine de l'Abitibi","","ME16"
"5a","Plaine de l'Abitibi","","MS23"
"5a","Plaine de l'Abitibi","","MS26"
"5a","Plaine de l'Abitibi","","RE39"
"5b","Coteaux du réservoir Gouin","","MS22"
"5b","Coteaux du réservoir Gouin","","RE21"
"5b","Coteaux du réservoir Gouin","","RE22"
"5b","Coteaux du réservoir Gouin","","RE25"
"5b","Coteaux du réservoir Gouin","","RS22"
"5c","Collines du haut Saint-Maurice","","MS12"
"5c","Collines du haut Saint-Maurice","","MS22"
"5c","Collines du haut Saint-Maurice","","RE20"
"5c","Collines du haut Saint-Maurice","","RE21"
"5c","Collines du haut Saint-Maurice","","RE22"
"5c","Collines du haut Saint-Maurice","","RE25"
"5c","Collines du haut Saint-Maurice","","RE39"
"5c","Collines du haut Saint-Maurice","","RS22"
"5d","Collines ceinturant le lac Saint-Jean","","MS12"
"5d","Collines ceinturant le lac Saint-Jean","","MS22"
"5d","Collines ceinturant le lac Saint-Jean","","RE20"
"5d","Collines ceinturant le lac Saint-Jean","","RE21"
"5d","Collines ceinturant le lac Saint-Jean","","RE22"
"5d","Collines ceinturant le lac Saint-Jean","","RS22"
"5e","Massif du lac Jacques-Cartier","","MS20"
"5e","Massif du lac Jacques-Cartier","","MS22"
"5e","Massif du lac Jacques-Cartier","","RS20"
"5e","Massif du lac Jacques-Cartier","","RS25"
"5e","Massif du lac Jacques-Cartier","5eS","MS22"
"5e","Massif du lac Jacques-Cartier","5eS","RS22"
"5e","Massif du lac Jacques-Cartier","5eT","MS12"
"5e","Massif du lac Jacques-Cartier","5eT","MS22"
"5e","Massif du lac Jacques-Cartier","5eT","RS20"
"5e","Massif du lac Jacques-Cartier","5eT","RS22"
"5e","Massif du lac Jacques-Cartier","5eT","RS25"
"5f","Massif du mont Valin","","RS22M"
"5f","Massif du mont Valin","5fS","MS12"
"5f","Massif du mont Valin","5fS","MS22"
"5f","Massif du mont Valin","5fS","RS22M"
"5g","Hautes collines de Baie-Comeau - Sept-Iles","","MS22"
"5g","Hautes collines de Baie-Comeau - Sept-Iles","","RE21"
"5g","Hautes collines de Baie-Comeau - Sept-Iles","","RS20"
"5g","Hautes collines de Baie-Comeau - Sept-Iles","","RS21"
"5g","Hautes collines de Baie-Comeau - Sept-Iles","","RS22"
"5h","Massif gaspésien","","MS13"
"5h","Massif gaspésien","","MS23"
"5h","Massif gaspésien","","MS26"
"5h","Massif gaspésien","","RE23"
"5h","Massif gaspésien","","RS13"
"5h","Massif gaspésien","","RS23"
"5i","Haut massif gaspésien","","MS23"
"5i","Haut massif gaspésien","","MS26"
"5i","Haut massif gaspésien","","MS43"
"5i","Haut massif gaspésien","","RS23"
"5j","Ile d'Anticosti","","RB52"
"5j","Ile d'Anticosti","","RB53"
"5j","Ile d'Anticosti","","RE38"
"5j","Ile d'Anticosti","","RS23"
"6a","Plaine du lac Matagami","","ME13"
"6a","Plaine du lac Matagami","","ME16"
"6a","Plaine du lac Matagami","","RE21"
"6a","Plaine du lac Matagami","","RE22"
"6a","Plaine du lac Matagami","","RE37"
"6a","Plaine du lac Matagami","","RS22"
"6a","Plaine du lac Matagami","","RS26"
"6c","Plaine du lac Opémisca","","RE21"
"6c","Plaine du lac Opémisca","","RE22"
"6c","Plaine du lac Opémisca","","RE24"
"6c","Plaine du lac Opémisca","","RE25"
"6c","Plaine du lac Opémisca","","RS22"
"6d","Coteaux du lac Assinica","","RE11"
"6d","Coteaux du lac Assinica","","RE12"
"6d","Coteaux du lac Assinica","","RE21"
"6d","Coteaux du lac Assinica","","RE22"
"6d","Coteaux du lac Assinica","","RE25"
"6e","Coteaux de la rivière Nestaocano","","MS22"
"6e","Coteaux de la rivière Nestaocano","","RE21"
"6e","Coteaux de la rivière Nestaocano","","RE22"
"6e","Coteaux de la rivière Nestaocano","","RE25"
"6e","Coteaux de la rivière Nestaocano","","RE37"
"6e","Coteaux de la rivière Nestaocano","","RE39"
"6e","Coteaux de la rivière Nestaocano","","RS22"
"6f","Coteaux du lac Mistassini","","RE21"
"6f","Coteaux du lac Mistassini","","RE22"
"6f","Coteaux du lac Mistassini","","RE25"
"6f","Coteaux du lac Mistassini","","RE39"
"6f","Coteaux du lac Mistassini","","RS22"
"6g","Coteaux du lac Manouane","","RE11"
"6g","Coteaux du lac Manouane","","RE12"
"6g","Coteaux du lac Manouane","","RE21"
"6g","Coteaux du lac Manouane","","RE22"
"6g","Coteaux du lac Manouane","","RS22"
"6h","Collines du lac Péribonka","","MS22"
"6h","Collines du lac Péribonka","","RE21"
"6h","Collines du lac Péribonka","","RE22"
"6h","Collines du lac Péribonka","","RS20"
"6h","Collines du lac Péribonka","","RS22"
"6h","Collines du lac Péribonka","","RS22M"
"6h","Collines du lac Péribonka","","RS25"
"6i","Hautes collines du réservoir Outardes","","MS22"
"6i","Hautes collines du réservoir Outardes","","RE21"
"6i","Hautes collines du réservoir Outardes","","RE22"
"6i","Hautes collines du réservoir Outardes","","RS20"
"6i","Hautes collines du réservoir Outardes","","RS22"
"6i","Hautes collines du réservoir Outardes","","RS22M"
"6i","Hautes collines du réservoir Outardes","","RS25"
"6j","Hautes collines du lac Cacaoui","","MS22"
"6j","Hautes collines du lac Cacaoui","","RE20"
"6j","Hautes collines du lac Cacaoui","","RE21"
"6j","Hautes collines du lac Cacaoui","","RS20"
"6j","Hautes collines du lac Cacaoui","","RS22"
"6j","Hautes collines du lac Cacaoui","","RS22M"
"6j","Hautes collines du lac Cacaoui","","RS25"
"6k","Coteau de la rivière à la Croix et du lac au Griffon","","RE21"
"6k","Coteau de la rivière à la Croix et du lac au Griffon","","RE22"
"6k","Coteau de la rivière à la Croix et du lac au Griffon","","RE25"
"6k","Coteau de la rivière à la Croix et du lac au Griffon","","RS22"
"6l","Collines du lac Grand Mesnil","","RE22"
"6l","Collines du lac Grand Mesnil","","RE25"
"6l","Collines du lac Grand Mesnil","","RS22"
"6l","Collines du lac Grand Mesnil","","RS22M"
"6l","Collines du lac Grand Mesnil","","RS25"
"6n","Collines du lac Musquaro","","MS22"
"6n","Collines du lac Musquaro","","RS22"
